{
    "ConfigVersion": 6,
    "ID": 1,
    "ClassName": "SFP_Military_NPC_pose1_QUEST",
    "Position": [5078.423828, 107.029999, 632.964966],
    "Orientation": [145, -0.000000, -0.000000],
    "NPCName": "Сержант Петренко",
    "DefaultNPCText": "Шо зенки зыришь, иди отсюда!",
    "Waypoints": [],
    "NPCEmoteID": 46,
    "NPCEmoteIsStatic": 0,
    "NPCLoadoutFile": "PetrovichDerebasLoadout",
    "NPCInteractionEmoteID": 1,
    "NPCQuestCancelEmoteID": 60,
    "NPCQuestStartEmoteID": 58,
    "NPCQuestCompleteEmoteID": 39,
    "NPCFaction": "InvincibleObservers",
    "NPCType": 0,
    "Active": 1
}