{
    "ConfigVersion": 28,
    "ID": 1,
    "ObjectiveType": 7,
    "ObjectiveText": "Kill all 5 units of the bandit patrol at the marked location",
    "TimeLimit": -1,
    "Active": 1,
    "MaxDistance": -1.0,
    "MinDistance": -1.0,
    "AllowedWeapons": [],
    "AllowedDamageZones": [],
    "AISpawn": {
        "Name": "Bandit",
        "Persist": 0,
        "Faction": "West",
        "Formation": "Vee",
        "FormationScale": 1.5,
        "FormationLooseness": 0.0,
        "Loadout": "BanditLoadout",
        "Units": [
            "eAI_SurvivorF_Eva",
            "eAI_SurvivorF_Frida",
            "eAI_SurvivorF_Gabi",
            "eAI_SurvivorF_Helga",
            "eAI_SurvivorF_Irena",
            "eAI_SurvivorF_Judy",
            "eAI_SurvivorF_Keiko",
            "eAI_SurvivorF_Linda",
            "eAI_SurvivorF_Maria",
            "eAI_SurvivorF_Naomi",
            "eAI_SurvivorF_Baty",
            "eAI_SurvivorM_Boris",
            "eAI_SurvivorM_Cyril",
            "eAI_SurvivorM_Denis",
            "eAI_SurvivorM_Elias",
            "eAI_SurvivorM_Francis",
            "eAI_SurvivorM_Guo",
            "eAI_SurvivorM_Hassan",
            "eAI_SurvivorM_Indar",
            "eAI_SurvivorM_Jose",
            "eAI_SurvivorM_Kaito",
            "eAI_SurvivorM_Lewis",
            "eAI_SurvivorM_Manua",
            "eAI_SurvivorM_Mirek",
            "eAI_SurvivorM_Niki",
            "eAI_SurvivorM_Oliver",
            "eAI_SurvivorM_Peter",
            "eAI_SurvivorM_Quinn",
            "eAI_SurvivorM_Rolf",
            "eAI_SurvivorM_Seth",
            "eAI_SurvivorM_Taiki"
        ],
        "NumberOfAI": 5,
        "NumberOfAIMax": 0,
        "Behaviour": "HALT_OR_LOOP",
        "LootingBehaviour": "",
        "Speed": "JOG",
        "UnderThreatSpeed": "SPRINT",
        "DefaultStance": "STANDING",
        "DefaultLookAngle": 0.0,
        "CanBeLooted": 1,
        "LootDropOnDeath": "",
        "UnlimitedReload": 1,
        "SniperProneDistanceThreshold": 300.0,
        "AccuracyMin": 0.5,
        "AccuracyMax": 0.800000011920929,
        "ThreatDistanceLimit": 500.0,
        "NoiseInvestigationDistanceLimit": -1.0,
        "MaxFlankingDistance": -1.0,
        "EnableFlankingOutsideCombat": -1,
        "DamageMultiplier": 1.0,
        "DamageReceivedMultiplier": 1.0,
        "HeadshotResistance": 0.0,
        "CanSpawnInContaminatedArea": 0,
        "CanBeTriggeredByAI": 0,
        "MinDistRadius": 50.0,
        "MaxDistRadius": 500.0,
        "DespawnRadius": 600.0,
        "MinSpreadRadius": 0.0,
        "MaxSpreadRadius": 0.0,
        "Chance": 1.0,
        "DespawnTime": 1.0,
        "RespawnTime": 1.0,
        "LoadBalancingCategory": "",
        "ObjectClassName": "",
        "WaypointInterpolation": "",
        "UseRandomWaypointAsStartPoint": 1,
        "Waypoints": []
    }
}