{
    "m_Version": 3,
    "Enabled": 1,
    "Weight": 1.0,
    "MissionMaxTime": 1200,
    "MissionName": "Random_CHAES",
    "Difficulty": 0,
    "Objective": 0,
    "Reward": "",
    "ShowNotification": 1,
    "Height": 450.0,
    "DropZoneHeight": 450.0,
    "Speed": 25.0,
    "DropZoneSpeed": 25.0,
    "Container": "Random",
    "FallSpeed": 4.5,
    "DropLocation": {
        "x": 8136.43310546875,
        "z": 15572.8349609375,
        "Name": "CHAES",
        "Radius": 100.0
    },
    "Infected": [],
    "ItemCount": -1,
    "InfectedCount": -1,
    "AirdropPlaneClassName": "",
    "Loot": []
}