{
    "m_Version": 0,
    "Enabled": 0,
    "Weight": 1.0,
    "MissionMaxTime": 900,
    "MissionName": "Agroprom",
    "Difficulty": 0,
    "Objective": 0,
    "Reward": "",
    "Data": {
        "Pos": [
            2789.469970703125,
            0.0,
            3961.3701171875
        ],
        "Radius": 500.0,
        "PosHeight": 26.0,
        "NegHeight": 10.0,
        "InnerRingCount": 1,
        "InnerPartDist": 50,
        "OuterRingToggle": 1,
        "OuterPartDist": 50,
        "OuterOffset": 0,
        "VerticalLayers": 0,
        "VerticalOffset": 0,
        "ParticleName": "graphics/particles/contaminated_area_gas_bigass",
        "EffectInterval": 0,
        "EffectDuration": 0,
        "EffectModifier": 0
    },
    "PlayerData": {
        "AroundPartName": "graphics/particles/contaminated_area_gas_around",
        "TinyPartName": "graphics/particles/contaminated_area_gas_around_tiny",
        "PPERequesterType": "PPERequester_ContaminatedAreaTint"
    },
    "StartDecayLifetime": 600.0,
    "FinishDecayLifetime": 300.0
}