{
    "ConfigVersion": 22,
    "ID": 25,
    "Type": 0,
    "Title": "Награда от Петровича",
    "Descriptions": [
        "Петрович доволен водкой, которую ты ему доставил. Теперь он готов дать тебе награду за верность.",
        "За успешную доставку Петрович щедро платит. Это конец цепочки квестов Петренко.",
        "Миссия завершена. Петрович благодарен и щедро платит за преданность."
    ],
    "ObjectiveText": "Получи награду от Петровича",
    "FollowUpQuest": -1,
    "Repeatable": 0,
    "IsDailyQuest": 0,
    "IsWeeklyQuest": 0,
    "CancelQuestOnPlayerDeath": 0,
    "Autocomplete": 1,
    "IsGroupQuest": 0,
    "ObjectSetFileName": "",
    "QuestItems": [],
    "Rewards": [
        {
            "ClassName": "ExpansionBanknoteHryvnia",
            "Amount": 1000,
            "Attachments": [],
            "DamagePercent": 0,
            "HealthPercent": 0,
            "QuestID": -1,
            "Chance": 1.0
        }
    ],
    "NeedToSelectReward": 0,
    "RandomReward": 0,
    "RandomRewardAmount": -1,
    "RewardsForGroupOwnerOnly": 0,
    "RewardBehavior": 0,
    "QuestGiverIDs": [
        4
    ],
    "QuestTurnInIDs": [
        4
    ],
    "IsAchievement": 0,
    "Objectives": [
        {
            "ConfigVersion": 28,
            "ID": 1,
            "ObjectiveType": 1
        }
    ],
    "QuestColor": 0,
    "ReputationReward": 10,
    "ReputationRequirement": -1,
    "PreQuestIDs": [
        24
    ],
    "RequiredFaction": "",
    "FactionReward": "",
    "PlayerNeedQuestItems": 0,
    "DeleteQuestItems": 0,
    "SequentialObjectives": 1,
    "FactionReputationRequirements": {},
    "FactionReputationRewards": {},
    "SuppressQuestLogOnCompetion": 0,
    "Active": 1
}