{
    "ConfigVersion": 22,
    "ID": 23,
    "Type": 1,
    "Title": "Quest chain example [Part 2]",
    "Descriptions": [
        "You can now always cancle this quest in the quest log and accept it there again if needed! You can now go to location B to contine the quest chain example.",
        "Go to location B.",
        "You reached location B and now you can accept the last quest when you complete this one!"
    ],
    "ObjectiveText": "Go to location B",
    "FollowUpQuest": 24,
    "Repeatable": 0,
    "IsDailyQuest": 0,
    "IsWeeklyQuest": 0,
    "CancelQuestOnPlayerDeath": 0,
    "Autocomplete": 0,
    "IsGroupQuest": 0,
    "ObjectSetFileName": "",
    "QuestItems": [],
    "Rewards": [],
    "NeedToSelectReward": 0,
    "RandomReward": 0,
    "RandomRewardAmount": -1,
    "RewardsForGroupOwnerOnly": 1,
    "RewardBehavior": 0,
    "QuestGiverIDs": [],
    "QuestTurnInIDs": [],
    "IsAchievement": 0,
    "Objectives": [
        {
            "ConfigVersion": 28,
            "ID": 6,
            "ObjectiveType": 3
        }
    ],
    "QuestColor": 0,
    "ReputationReward": 0,
    "ReputationRequirement": -1,
    "PreQuestIDs": [
        22
    ],
    "RequiredFaction": "",
    "FactionReward": "",
    "PlayerNeedQuestItems": 1,
    "DeleteQuestItems": 1,
    "SequentialObjectives": 1,
    "FactionReputationRequirements": {},
    "FactionReputationRewards": {},
    "SuppressQuestLogOnCompetion": 0,
    "Active": 1
}